{
  "test_link": {
    "link": null
  },
  "test_read_data": {
    "lengths": [
      1750,
      250,
      500
    ]
  },
  "test_prepare_data": {
    "dev_texts_shape": [
      250,
      512
    ],
    "train_labels_shape": [
      1750,
      512
    ]
  },
  "test_model": {
    "f1": 0.9841022397562605,
    "f1_wo_o": 0.9513655758758945
  }
}